customer_age,customer_tenure_days_at_order,Product Category,unit_price,quantity,discount_percent,payment_method,shipping_cost,orders_before_this_one,Actual_Return,Predicted_Return,Return_Probability,Risk_Level
43,676,Beauty,38.24141264126083,4,18.5916529398147,Debit Card,10.109829502838384,8,0,0,0.27807256543621267,Low Risk
64,909,Electronics,83.84666579741905,2,19.115086838319407,PayPal,22.65170199107093,2,0,0,0.16712384376609396,Low Risk
62,94,Beauty,88.60978708268966,2,1.281166334708108,Credit Card,13.481715222711944,2,0,0,0.25467827357054795,Low Risk
39,151,Beauty,14.250870881103207,3,3.457504587206941,Credit Card,16.047481771036505,5,0,0,0.2966780951372774,Low Risk
66,567,Electronics,41.48532625665192,4,10.881965822665656,Debit Card,5.002082031170265,0,1,0,0.24845001325832694,Low Risk
41,990,Home,13.144740813944262,2,17.402923176881213,Credit Card,24.42737792018395,7,1,0,0.14185801225558883,Low Risk
64,725,Beauty,28.67046865415765,4,7.954795924551352,PayPal,19.741576404273463,9,0,0,0.2687916807595894,Low Risk
40,771,Beauty,50.32138812755302,3,19.69485258604081,Credit Card,21.746654414203984,4,0,0,0.22080389001956652,Low Risk
34,996,Beauty,82.28740909608884,2,19.56098298858404,Debit Card,6.177888291417055,6,0,0,0.24391667727345867,Low Risk
49,39,Home,34.188930056698254,2,13.553571841958544,Credit Card,7.345295194991248,0,0,0,0.08081847627550476,Low Risk
26,869,Electronics,53.61644213289469,2,4.955876712908481,Credit Card,11.97363807376354,2,0,0,0.21205254734136056,Low Risk
56,555,Beauty,76.16699795573135,4,7.196831339177134,Debit Card,12.949678698279923,6,0,0,0.35875078682582245,Medium Risk
24,940,Beauty,62.968871294610175,4,10.314623303240095,Debit Card,15.917336136143913,3,0,0,0.38640741637611137,Medium Risk
48,423,Electronics,44.78919252880184,3,0.6425511882455037,PayPal,9.5480007970313,8,0,0,0.19014269377066545,Low Risk
27,633,Home,61.42362577956029,3,17.867947524474467,Credit Card,8.809046233441729,3,0,0,0.06845084327642896,Low Risk
64,313,Electronics,19.75031099945325,1,2.67527638078614,Debit Card,10.004616119383652,8,0,0,0.36893036293532105,Medium Risk
28,969,Home,96.13582748341426,2,12.4211891892878,Debit Card,15.344431930849904,5,0,0,0.18253005564784147,Low Risk
43,673,Beauty,40.753799649399255,3,16.62974937779578,Debit Card,24.280174147865377,0,0,0,0.4303265870940055,Medium Risk
50,452,Books,26.4430831253294,4,7.170291627944945,PayPal,8.645848974560955,9,1,0,0.15006181157142753,Low Risk
21,635,Clothing,81.23846863198621,1,17.41320452458148,PayPal,16.39637370315548,7,0,0,0.12661173797175257,Low Risk
27,811,Clothing,22.18040224050676,1,10.893212142380564,Debit Card,22.148659290166503,1,0,0,0.4010538307758353,Medium Risk
19,581,Beauty,28.698587939267476,3,14.333527188524569,Credit Card,22.96324306875372,8,0,0,0.26514471062304756,Low Risk
38,429,Beauty,63.77473467029844,4,15.66543245534248,Debit Card,21.405757996367125,1,0,0,0.37251309088259227,Medium Risk
39,182,Beauty,55.31913141047426,1,5.134642381608641,PayPal,20.61966950882661,1,1,0,0.29798880493102287,Low Risk
49,463,Electronics,70.74908603468464,1,13.861968684541816,PayPal,6.650712603843532,5,0,0,0.11972611921330581,Low Risk
18,246,Clothing,22.170368417205136,2,12.498983356493191,PayPal,22.162410014022825,1,0,0,0.19809694348230253,Low Risk
19,245,Home,57.92279011818411,3,5.829708588263028,PayPal,10.40012651764745,5,0,0,0.09364600497988101,Low Risk
58,279,Electronics,13.433762557831995,3,11.994201171533987,Debit Card,15.74163112627841,1,0,0,0.3365334544577848,Medium Risk
25,564,Beauty,59.67655522121501,4,17.491133657957377,PayPal,13.4823561232802,6,0,0,0.15680971178596886,Low Risk
54,743,Electronics,23.84210001917029,4,12.446174111558898,PayPal,18.023632235787236,8,1,0,0.184385589823663,Low Risk
41,153,Home,34.73602573566223,2,4.864938169849058,Credit Card,21.40895747251973,0,0,0,0.16662491423206446,Low Risk
28,845,Beauty,83.87101557882254,2,19.13507977362228,Credit Card,18.353475100928183,7,1,0,0.18955164995152982,Low Risk
48,959,Clothing,98.2590731385368,3,12.053864409246213,Debit Card,18.893574458163982,2,0,0,0.2902081458928032,Low Risk
35,636,Clothing,85.85633851212035,3,19.37448527120703,Debit Card,19.662920468776733,4,0,0,0.23958205843529334,Low Risk
46,866,Electronics,22.94344000061664,4,12.15199831548519,Credit Card,13.355375424516048,4,0,0,0.1807862781123046,Low Risk
45,577,Home,53.60580521423943,2,19.59240679063424,Debit Card,18.74599179119052,6,0,0,0.17518483665651663,Low Risk
21,438,Electronics,44.4789500357233,3,1.908001329717226,Debit Card,12.8579272822123,3,1,0,0.36980619806589915,Medium Risk
46,708,Beauty,32.2971590931744,3,7.91047104458282,PayPal,22.684342256784177,1,0,0,0.3091560006216208,Medium Risk
61,962,Clothing,34.03348539519451,1,12.347526721160476,Debit Card,13.080036085947237,1,0,0,0.31357431017881615,Medium Risk
32,249,Beauty,43.73531996234591,1,14.310389525375202,Credit Card,23.995684074439577,4,1,0,0.27629872302634617,Low Risk
